order_id,user_id,restaurant_id,order_time,delivery_time,total_amount
1,94,11,2023-01-11 14:36:55,2023-01-11 15:11:55,314.95
2,69,15,2023-01-14 14:38:54,2023-01-14 15:25:54,310.09
3,60,8,2023-01-08 07:39:34,2023-01-08 08:27:34,684.81
4,71,4,2023-01-05 21:52:45,2023-01-05 22:46:45,701.62
5,12,8,2023-01-17 03:31:58,2023-01-17 04:17:58,491.38
6,28,13,2023-01-06 16:37:49,2023-01-06 17:07:49,427.38
7,50,9,2023-02-14 04:14:46,2023-02-14 04:52:46,453.8
8,94,18,2023-02-17 06:01:35,2023-02-17 06:30:35,313.94
9,28,2,2023-02-26 05:35:16,2023-02-26 06:29:16,236.57
10,41,2,2023-01-05 20:50:24,2023-01-05 21:47:24,486.07
11,68,6,2023-01-06 12:32:20,2023-01-06 13:24:20,248.07
12,24,3,2023-02-27 18:31:56,2023-02-27 18:55:56,605.13
13,31,13,2023-01-12 15:21:21,2023-01-12 16:17:21,347.73
14,77,2,2023-01-08 23:02:06,2023-01-08 23:48:06,594.42
15,73,17,2023-01-31 17:11:42,2023-01-31 17:47:42,322.56
16,92,11,2023-01-24 04:10:42,2023-01-24 04:46:42,437.47
17,86,10,2023-02-14 09:24:37,2023-02-14 10:04:37,757.41
18,10,1,2023-02-14 11:52:57,2023-02-14 12:51:57,799.07
19,13,3,2023-02-22 04:46:44,2023-02-22 05:19:44,503.53
20,17,12,2023-01-07 16:17:43,2023-01-07 16:52:43,421.72
21,21,15,2023-02-22 17:47:22,2023-02-22 18:26:22,567.01
22,84,17,2023-01-01 18:13:44,2023-01-01 19:08:44,379.63
23,85,4,2023-01-14 00:55:15,2023-01-14 01:31:15,269.26
24,14,18,2023-01-16 02:13:11,2023-01-16 02:50:11,369.05
25,27,11,2023-01-20 18:24:58,2023-01-20 19:24:58,711.75
26,65,16,2023-01-25 09:09:17,2023-01-25 09:32:17,255.38
27,55,9,2023-01-05 06:43:46,2023-01-05 07:03:46,400.13
28,17,9,2023-01-16 16:30:47,2023-01-16 17:18:47,531.01
29,55,18,2023-01-01 22:31:55,2023-01-01 22:58:55,245.15
30,89,5,2023-02-22 23:19:03,2023-02-22 23:41:03,700.76
31,75,18,2023-01-15 09:05:00,2023-01-15 09:52:00,276.47
32,40,12,2023-01-04 20:57:42,2023-01-04 21:39:42,326.05
33,32,4,2023-02-04 08:07:51,2023-02-04 09:02:51,730.48
34,53,20,2023-01-16 00:08:07,2023-01-16 00:43:07,718.76
35,23,14,2023-01-03 09:45:23,2023-01-03 10:16:23,641.94
36,43,14,2023-01-25 02:16:17,2023-01-25 02:53:17,295.52
37,90,4,2023-02-07 03:23:12,2023-02-07 03:45:12,715.16
38,29,7,2023-02-14 16:35:03,2023-02-14 17:17:03,383.11
39,30,8,2023-01-03 07:08:31,2023-01-03 07:40:31,439.08
40,36,3,2023-01-28 02:24:30,2023-01-28 03:06:30,584.89
41,52,18,2023-02-02 03:38:06,2023-02-02 03:59:06,269.21
42,34,6,2023-02-26 08:52:19,2023-02-26 09:28:19,222.95
43,77,14,2023-02-03 13:30:33,2023-02-03 14:10:33,461.84
44,66,4,2023-02-07 09:34:13,2023-02-07 10:30:13,314.05
45,6,14,2023-01-01 03:56:27,2023-01-01 04:49:27,755.35
46,69,7,2023-02-05 08:41:51,2023-02-05 09:28:51,241.98
47,86,11,2023-01-31 11:28:35,2023-01-31 11:55:35,631.85
48,39,17,2023-01-31 00:41:07,2023-01-31 01:27:07,395.71
49,90,10,2023-02-23 19:52:28,2023-02-23 20:20:28,315.1
50,86,13,2023-01-17 21:30:47,2023-01-17 22:29:47,541.46
51,52,18,2023-01-01 00:56:45,2023-01-01 01:35:45,372.15
52,56,19,2023-02-28 21:37:26,2023-02-28 22:17:26,478.99
53,57,7,2023-02-19 15:07:18,2023-02-19 15:57:18,676.24
54,95,6,2023-01-09 05:35:16,2023-01-09 06:13:16,509.27
55,82,20,2023-02-02 13:02:42,2023-02-02 13:27:42,691.05
56,97,8,2023-01-31 03:19:47,2023-01-31 03:53:47,683.94
57,19,1,2023-01-05 11:41:08,2023-01-05 12:16:08,790.36
58,79,3,2023-02-14 05:11:47,2023-02-14 05:57:47,731.68
59,74,7,2023-02-07 06:44:04,2023-02-07 07:35:04,439.79
60,19,1,2023-01-11 08:21:59,2023-01-11 09:08:59,331.3
61,90,17,2023-02-15 02:28:46,2023-02-15 02:51:46,534.44
62,16,15,2023-01-13 22:42:09,2023-01-13 23:31:09,600.55
63,72,20,2023-01-31 19:21:28,2023-01-31 20:09:28,567.59
64,93,17,2023-02-11 10:22:40,2023-02-11 11:17:40,467.55
65,21,16,2023-02-13 16:44:18,2023-02-13 17:20:18,651.07
66,82,9,2023-02-20 14:42:59,2023-02-20 15:33:59,576.05
67,36,15,2023-01-08 12:32:57,2023-01-08 13:10:57,340.7
68,43,11,2023-02-22 10:38:45,2023-02-22 11:03:45,283.02
69,30,13,2023-01-15 20:03:43,2023-01-15 20:36:43,238.54
70,53,11,2023-02-22 16:22:32,2023-02-22 17:11:32,449.46
71,27,14,2023-02-07 19:32:48,2023-02-07 20:29:48,767.64
72,3,19,2023-02-06 22:21:07,2023-02-06 23:11:07,203.54
73,46,10,2023-02-07 20:44:05,2023-02-07 21:30:05,522.93
74,95,18,2023-02-28 13:40:49,2023-02-28 14:14:49,492.94
75,35,14,2023-02-17 03:37:40,2023-02-17 03:58:40,433.31
76,86,13,2023-01-17 00:34:55,2023-01-17 01:23:55,751.72
77,80,18,2023-01-03 14:50:10,2023-01-03 15:35:10,555.14
78,85,1,2023-01-09 03:36:42,2023-01-09 04:23:42,281.42
79,60,6,2023-01-05 21:10:18,2023-01-05 21:46:18,427.46
80,28,15,2023-02-01 17:36:21,2023-02-01 18:17:21,656.74
81,49,9,2023-02-10 22:19:02,2023-02-10 22:55:02,700.95
82,61,1,2023-02-22 08:56:14,2023-02-22 09:19:14,799.94
83,45,8,2023-01-07 15:53:32,2023-01-07 16:15:32,652.54
84,32,7,2023-01-02 23:29:19,2023-01-03 00:28:19,291.43
85,17,16,2023-01-12 02:32:48,2023-01-12 03:28:48,768.65
86,60,9,2023-02-05 19:35:17,2023-02-05 20:05:17,563.54
87,96,4,2023-01-16 21:36:07,2023-01-16 22:15:07,264.86
88,4,10,2023-02-25 21:42:13,2023-02-25 22:26:13,437.99
89,92,7,2023-01-08 09:05:04,2023-01-08 10:02:04,614.37
90,81,8,2023-01-10 21:26:50,2023-01-10 22:05:50,710.18
91,77,4,2023-02-24 22:43:06,2023-02-24 23:05:06,408.32
92,55,12,2023-01-07 16:40:51,2023-01-07 17:32:51,588.53
93,2,14,2023-02-17 14:15:09,2023-02-17 14:41:09,460.11
94,47,15,2023-01-15 20:29:42,2023-01-15 21:16:42,305.68
95,67,9,2023-02-22 06:02:01,2023-02-22 06:52:01,478.92
96,94,19,2023-01-27 01:24:24,2023-01-27 02:04:24,711.03
97,12,9,2023-02-13 18:26:41,2023-02-13 19:01:41,650.29
98,73,20,2023-02-06 19:06:32,2023-02-06 19:47:32,217.22
99,42,6,2023-02-17 08:04:25,2023-02-17 08:37:25,412.89
100,34,11,2023-01-28 03:39:05,2023-01-28 04:37:05,620.71
101,36,18,2023-01-01 23:39:13,2023-01-02 00:32:13,768.84
102,11,8,2023-02-09 11:02:46,2023-02-09 11:53:46,533.11
103,31,16,2023-02-17 15:41:47,2023-02-17 16:29:47,675.76
104,12,10,2023-01-22 12:21:25,2023-01-22 13:06:25,615.07
105,40,19,2023-02-05 19:52:47,2023-02-05 20:42:47,532.08
106,45,14,2023-02-23 10:29:53,2023-02-23 11:10:53,411.09
107,59,9,2023-01-30 18:29:00,2023-01-30 19:05:00,338.32
108,93,7,2023-01-31 15:16:48,2023-01-31 15:43:48,645.73
109,98,6,2023-01-19 14:19:22,2023-01-19 14:52:22,643.16
110,36,19,2023-02-20 22:29:33,2023-02-20 23:27:33,369.8
111,13,7,2023-01-29 18:18:15,2023-01-29 18:52:15,416.53
112,39,1,2023-02-21 20:37:29,2023-02-21 21:05:29,364.59
113,7,18,2023-01-29 08:43:39,2023-01-29 09:11:39,582.72
114,97,16,2023-01-10 23:02:47,2023-01-10 23:22:47,544.44
115,61,16,2023-02-12 18:22:00,2023-02-12 19:03:00,310.62
116,7,9,2023-02-16 09:11:22,2023-02-16 09:38:22,693.27
117,52,16,2023-01-08 04:37:26,2023-01-08 05:33:26,577.67
118,7,5,2023-01-15 11:39:20,2023-01-15 12:35:20,769.48
119,11,8,2023-01-12 12:00:43,2023-01-12 12:55:43,658.67
120,78,20,2023-01-22 21:53:20,2023-01-22 22:46:20,428.23
121,57,10,2023-02-27 03:21:46,2023-02-27 04:08:46,383.23
122,80,2,2023-01-10 15:13:51,2023-01-10 15:46:51,575.31
123,34,3,2023-01-16 05:58:10,2023-01-16 06:33:10,304.29
124,10,6,2023-01-01 06:14:05,2023-01-01 07:00:05,470.3
125,77,16,2023-01-29 06:41:00,2023-01-29 07:03:00,338.89
126,91,10,2023-02-14 01:58:10,2023-02-14 02:22:10,612.43
127,34,19,2023-01-20 04:57:07,2023-01-20 05:44:07,268.87
128,29,5,2023-01-26 18:58:06,2023-01-26 19:27:06,242.85
129,22,10,2023-02-27 18:33:11,2023-02-27 19:29:11,752.72
130,57,4,2023-02-15 12:08:43,2023-02-15 12:47:43,619.84
131,35,17,2023-02-22 10:14:53,2023-02-22 11:05:53,462.66
132,77,2,2023-02-11 22:41:59,2023-02-11 23:21:59,562.23
133,4,3,2023-01-23 05:25:57,2023-01-23 06:21:57,552.27
134,3,9,2023-02-25 22:45:10,2023-02-25 23:07:10,657.87
135,23,16,2023-02-20 09:16:24,2023-02-20 10:04:24,749.64
136,24,19,2023-02-12 07:41:08,2023-02-12 08:41:08,688.55
137,12,16,2023-02-03 18:48:28,2023-02-03 19:34:28,399.99
138,86,4,2023-01-16 14:44:56,2023-01-16 15:25:56,446.99
139,64,10,2023-02-08 21:07:16,2023-02-08 22:02:16,222.02
140,12,11,2023-01-25 12:07:55,2023-01-25 12:47:55,269.55
141,99,13,2023-02-19 23:05:46,2023-02-19 23:25:46,594.6
142,70,15,2023-02-10 02:56:11,2023-02-10 03:19:11,312.55
143,47,20,2023-02-18 09:34:23,2023-02-18 10:34:23,465.22
144,7,7,2023-01-26 22:17:10,2023-01-26 23:12:10,278.61
145,37,15,2023-02-17 01:27:37,2023-02-17 01:54:37,217.32
146,81,20,2023-01-24 05:36:12,2023-01-24 06:06:12,386.45
147,2,18,2023-02-09 14:41:13,2023-02-09 15:06:13,334.82
148,15,15,2023-01-12 09:42:57,2023-01-12 10:11:57,499.03
149,92,10,2023-02-19 09:45:27,2023-02-19 10:22:27,449.29
150,62,16,2023-01-24 15:56:03,2023-01-24 16:45:03,530.76
151,50,7,2023-02-28 04:39:03,2023-02-28 05:31:03,647.78
152,18,3,2023-01-27 19:42:11,2023-01-27 20:28:11,403.93
153,65,9,2023-01-01 05:58:38,2023-01-01 06:36:38,635.63
154,76,19,2023-02-17 12:56:40,2023-02-17 13:25:40,467.93
155,62,12,2023-02-02 06:38:28,2023-02-02 07:33:28,657.72
156,49,15,2023-02-01 05:47:44,2023-02-01 06:19:44,788.46
157,31,19,2023-02-07 04:23:12,2023-02-07 04:57:12,713.61
158,53,2,2023-01-31 21:24:16,2023-01-31 22:14:16,623.14
159,49,13,2023-01-15 18:25:51,2023-01-15 19:16:51,778.89
160,17,17,2023-02-27 07:13:12,2023-02-27 07:54:12,721.82
161,57,4,2023-02-21 01:33:17,2023-02-21 02:22:17,209.21
162,19,14,2023-01-15 23:41:15,2023-01-16 00:05:15,481.69
163,34,11,2023-02-08 14:12:11,2023-02-08 14:37:11,711.06
164,87,18,2023-02-06 21:29:09,2023-02-06 22:09:09,576.08
165,98,16,2023-02-22 12:39:31,2023-02-22 13:01:31,570.48
166,31,10,2023-01-23 02:04:53,2023-01-23 02:29:53,460.38
167,13,4,2023-02-13 01:50:45,2023-02-13 02:20:45,616.4
168,4,2,2023-02-01 11:50:51,2023-02-01 12:13:51,376.02
169,48,14,2023-01-15 03:12:07,2023-01-15 03:47:07,518.7
170,73,6,2023-01-17 12:05:26,2023-01-17 12:36:26,247.38
171,49,20,2023-01-24 09:10:26,2023-01-24 10:01:26,747.7
172,19,8,2023-02-14 18:33:25,2023-02-14 19:33:25,352.39
173,33,1,2023-02-15 04:07:07,2023-02-15 04:45:07,606.57
174,21,3,2023-02-12 21:18:17,2023-02-12 22:00:17,792.59
175,39,14,2023-01-25 06:46:15,2023-01-25 07:35:15,707.18
176,26,13,2023-02-16 21:57:23,2023-02-16 22:23:23,342.32
177,74,12,2023-02-25 19:24:31,2023-02-25 20:02:31,795.62
178,38,1,2023-02-08 10:17:39,2023-02-08 10:54:39,204.86
179,88,2,2023-02-28 21:01:46,2023-02-28 21:52:46,699.7
180,37,8,2023-02-28 22:33:50,2023-02-28 23:15:50,331.4
181,25,20,2023-01-25 08:00:09,2023-01-25 08:28:09,576.95
182,81,2,2023-01-30 23:51:56,2023-01-31 00:39:56,220.02
183,47,5,2023-01-09 18:01:33,2023-01-09 18:39:33,396.03
184,54,6,2023-01-20 11:53:08,2023-01-20 12:21:08,671.91
185,47,17,2023-02-18 17:15:59,2023-02-18 17:52:59,698.28
186,33,16,2023-01-29 15:43:45,2023-01-29 16:24:45,682.54
187,60,3,2023-01-14 15:59:15,2023-01-14 16:33:15,716.08
188,93,13,2023-02-24 02:37:57,2023-02-24 03:20:57,254.18
189,51,1,2023-01-26 16:13:59,2023-01-26 17:07:59,274.15
190,48,9,2023-02-26 18:07:25,2023-02-26 18:51:25,693.45
191,48,4,2023-01-23 16:50:40,2023-01-23 17:40:40,215.01
192,72,11,2023-01-22 11:49:22,2023-01-22 12:13:22,581.24
193,60,10,2023-02-09 15:23:53,2023-02-09 15:50:53,283.87
194,5,10,2023-02-17 19:53:54,2023-02-17 20:20:54,258.32
195,69,5,2023-02-07 17:36:37,2023-02-07 18:25:37,422.61
196,96,18,2023-02-10 16:38:10,2023-02-10 17:35:10,645.36
197,20,14,2023-01-10 14:44:13,2023-01-10 15:35:13,569.39
198,36,2,2023-02-05 23:23:50,2023-02-05 23:56:50,466.03
199,31,12,2023-01-10 15:30:46,2023-01-10 16:13:46,526.68
200,83,12,2023-01-06 21:05:30,2023-01-06 21:50:30,365.53
201,16,15,2023-01-09 21:36:52,2023-01-09 22:09:52,585.02
202,77,1,2023-01-05 21:51:23,2023-01-05 22:32:23,346.14
203,17,19,2023-01-20 22:09:49,2023-01-20 22:33:49,697.89
204,71,7,2023-02-26 22:22:17,2023-02-26 22:55:17,687.83
205,30,11,2023-01-15 07:49:34,2023-01-15 08:47:34,201.7
206,19,5,2023-02-22 10:47:35,2023-02-22 11:23:35,679.11
207,15,1,2023-01-13 19:07:25,2023-01-13 19:27:25,414.95
208,31,19,2023-02-01 10:26:31,2023-02-01 10:47:31,304.55
209,7,5,2023-02-10 20:54:33,2023-02-10 21:47:33,268.19
210,9,16,2023-02-13 12:33:25,2023-02-13 13:16:25,507.94
211,14,15,2023-02-18 22:01:45,2023-02-18 22:35:45,767.25
212,6,17,2023-01-30 06:50:58,2023-01-30 07:39:58,586.0
213,4,2,2023-02-16 12:06:31,2023-02-16 12:51:31,455.76
214,14,16,2023-02-13 01:34:30,2023-02-13 01:58:30,739.56
215,42,20,2023-01-15 09:38:34,2023-01-15 10:02:34,275.71
216,80,19,2023-02-23 05:45:47,2023-02-23 06:25:47,428.54
217,77,17,2023-01-29 15:09:41,2023-01-29 15:58:41,503.33
218,56,4,2023-01-12 02:36:14,2023-01-12 03:31:14,632.5
219,28,14,2023-02-13 20:11:57,2023-02-13 20:45:57,448.29
220,59,13,2023-02-10 09:19:34,2023-02-10 09:45:34,387.53
221,41,9,2023-02-06 08:11:04,2023-02-06 08:40:04,612.09
222,61,3,2023-01-09 20:34:08,2023-01-09 20:59:08,255.94
223,13,12,2023-01-13 15:11:27,2023-01-13 16:06:27,235.99
224,72,18,2023-02-02 00:07:50,2023-02-02 00:34:50,446.49
225,86,14,2023-01-05 23:52:40,2023-01-06 00:30:40,560.25
226,46,4,2023-02-26 02:38:51,2023-02-26 03:30:51,327.64
227,85,16,2023-01-22 18:31:42,2023-01-22 18:57:42,410.07
228,72,12,2023-01-12 03:42:07,2023-01-12 04:19:07,544.46
229,55,18,2023-02-24 01:17:51,2023-02-24 01:38:51,565.4
230,85,9,2023-01-03 19:27:56,2023-01-03 19:58:56,363.96
231,98,10,2023-02-02 23:50:55,2023-02-03 00:32:55,203.66
232,19,19,2023-02-08 21:53:42,2023-02-08 22:17:42,285.12
233,82,1,2023-01-09 21:48:39,2023-01-09 22:41:39,329.08
234,54,15,2023-02-03 02:20:42,2023-02-03 02:50:42,422.03
235,93,11,2023-02-25 02:35:19,2023-02-25 03:33:19,250.97
236,7,5,2023-01-16 06:47:29,2023-01-16 07:46:29,229.86
237,11,9,2023-02-13 00:31:41,2023-02-13 01:18:41,491.4
238,57,14,2023-01-27 12:31:29,2023-01-27 13:04:29,652.97
239,15,12,2023-02-11 17:46:16,2023-02-11 18:13:16,369.95
240,87,19,2023-02-17 05:56:11,2023-02-17 06:49:11,600.28
241,6,8,2023-02-08 09:01:49,2023-02-08 09:59:49,232.87
242,27,10,2023-01-21 12:12:39,2023-01-21 12:40:39,658.5
243,38,11,2023-01-12 15:35:01,2023-01-12 15:55:01,498.43
244,56,6,2023-01-13 13:01:28,2023-01-13 13:45:28,519.55
245,30,17,2023-02-24 05:55:12,2023-02-24 06:37:12,243.25
246,95,2,2023-02-12 08:27:55,2023-02-12 08:48:55,475.85
247,10,11,2023-02-25 21:36:57,2023-02-25 22:23:57,544.04
248,91,14,2023-01-29 02:37:09,2023-01-29 03:04:09,443.02
249,42,6,2023-02-14 16:06:12,2023-02-14 16:49:12,252.88
250,14,8,2023-02-12 07:11:59,2023-02-12 08:08:59,440.27
251,11,13,2023-01-31 02:59:31,2023-01-31 03:40:31,332.94
252,100,6,2023-01-08 09:58:36,2023-01-08 10:50:36,579.93
253,68,17,2023-01-19 19:49:42,2023-01-19 20:31:42,410.66
254,83,5,2023-01-23 22:32:46,2023-01-23 22:58:46,287.87
255,26,6,2023-02-28 11:41:28,2023-02-28 12:10:28,656.13
256,84,3,2023-01-18 04:46:49,2023-01-18 05:46:49,496.47
257,97,19,2023-02-26 06:15:30,2023-02-26 07:03:30,608.68
258,73,20,2023-02-01 09:07:47,2023-02-01 10:07:47,389.68
259,57,3,2023-02-15 12:39:55,2023-02-15 13:27:55,578.83
260,36,19,2023-01-06 10:53:25,2023-01-06 11:35:25,504.4
261,40,15,2023-02-13 21:02:08,2023-02-13 21:24:08,234.13
262,37,3,2023-01-09 18:24:21,2023-01-09 19:23:21,556.45
263,50,15,2023-02-26 08:15:55,2023-02-26 09:10:55,772.54
264,95,2,2023-02-13 15:57:19,2023-02-13 16:53:19,591.1
265,42,20,2023-02-16 04:17:45,2023-02-16 05:09:45,290.52
266,8,15,2023-01-11 01:10:36,2023-01-11 01:51:36,789.43
267,11,17,2023-01-17 18:05:29,2023-01-17 18:27:29,348.65
268,57,15,2023-02-20 21:10:05,2023-02-20 22:03:05,565.88
269,47,12,2023-01-28 11:11:23,2023-01-28 11:55:23,445.26
270,44,20,2023-01-06 02:01:13,2023-01-06 03:01:13,588.38
271,9,11,2023-01-10 04:12:53,2023-01-10 05:07:53,607.03
272,37,9,2023-02-28 12:23:40,2023-02-28 12:52:40,400.02
273,75,5,2023-02-03 23:08:29,2023-02-03 23:47:29,780.62
274,90,13,2023-01-13 12:28:44,2023-01-13 13:26:44,625.3
275,11,10,2023-02-24 06:22:58,2023-02-24 07:06:58,586.1
276,43,5,2023-02-21 02:35:07,2023-02-21 03:00:07,587.61
277,55,17,2023-02-05 03:07:14,2023-02-05 03:28:14,417.56
278,24,7,2023-02-03 04:17:38,2023-02-03 05:08:38,315.2
279,18,5,2023-01-08 11:48:27,2023-01-08 12:26:27,706.66
280,13,17,2023-02-22 09:45:25,2023-02-22 10:38:25,222.65
281,44,20,2023-01-13 17:21:59,2023-01-13 18:19:59,426.03
282,21,6,2023-01-17 01:44:03,2023-01-17 02:32:03,226.22
283,47,8,2023-02-13 03:03:28,2023-02-13 04:02:28,370.96
284,96,15,2023-01-23 17:15:58,2023-01-23 18:09:58,343.5
285,61,7,2023-02-05 17:07:53,2023-02-05 18:03:53,790.66
286,60,10,2023-02-07 01:49:38,2023-02-07 02:41:38,516.48
287,21,7,2023-02-28 16:58:04,2023-02-28 17:26:04,723.8
288,7,16,2023-02-06 00:59:12,2023-02-06 01:54:12,760.58
289,92,17,2023-01-13 02:31:12,2023-01-13 03:09:12,250.33
290,21,9,2023-02-13 14:59:22,2023-02-13 15:51:22,288.41
291,56,3,2023-01-22 13:23:09,2023-01-22 14:11:09,730.78
292,4,14,2023-01-06 04:05:51,2023-01-06 04:50:51,501.2
293,31,13,2023-01-08 22:09:16,2023-01-08 22:52:16,334.72
294,41,4,2023-02-02 13:16:59,2023-02-02 13:45:59,282.56
295,37,16,2023-01-14 11:24:37,2023-01-14 12:14:37,469.16
296,1,3,2023-01-02 20:16:56,2023-01-02 20:52:56,329.39
297,20,18,2023-02-21 05:47:48,2023-02-21 06:34:48,266.71
298,37,8,2023-01-30 05:43:59,2023-01-30 06:10:59,228.65
299,54,20,2023-02-14 09:09:06,2023-02-14 09:33:06,266.51
300,64,20,2023-02-22 01:05:45,2023-02-22 01:26:45,579.17
301,74,8,2023-01-14 22:33:29,2023-01-14 23:11:29,457.54
302,79,12,2023-01-24 08:33:19,2023-01-24 09:29:19,449.94
303,86,3,2023-02-20 19:48:26,2023-02-20 20:31:26,240.61
304,68,18,2023-02-19 06:09:33,2023-02-19 07:01:33,532.49
305,50,16,2023-01-05 05:26:33,2023-01-05 06:26:33,432.13
306,48,9,2023-01-02 13:50:49,2023-01-02 14:32:49,673.11
307,45,8,2023-01-11 01:33:15,2023-01-11 02:30:15,641.11
308,43,5,2023-01-05 07:18:34,2023-01-05 08:00:34,527.61
309,83,6,2023-02-15 02:38:59,2023-02-15 03:28:59,579.04
310,18,3,2023-02-14 10:28:14,2023-02-14 10:50:14,376.07
311,6,7,2023-01-05 01:38:52,2023-01-05 02:18:52,760.02
312,66,13,2023-02-22 17:21:11,2023-02-22 18:11:11,351.99
313,97,7,2023-01-28 18:41:12,2023-01-28 19:23:12,717.28
314,7,11,2023-01-27 12:38:27,2023-01-27 13:05:27,679.61
315,56,13,2023-02-12 16:39:38,2023-02-12 17:23:38,403.42
316,24,16,2023-02-18 07:18:48,2023-02-18 08:01:48,754.59
317,67,9,2023-01-09 00:29:55,2023-01-09 01:16:55,247.36
318,78,6,2023-02-22 23:02:50,2023-02-22 23:40:50,392.73
319,11,11,2023-01-29 16:53:27,2023-01-29 17:32:27,467.55
320,92,14,2023-01-17 04:18:37,2023-01-17 05:06:37,410.93
321,6,12,2023-02-12 05:29:05,2023-02-12 06:06:05,583.68
322,8,3,2023-02-09 10:32:18,2023-02-09 11:15:18,507.85
323,96,6,2023-01-04 00:33:46,2023-01-04 01:02:46,709.2
324,87,15,2023-01-04 09:05:14,2023-01-04 09:33:14,240.34
325,100,12,2023-02-05 03:52:19,2023-02-05 04:36:19,769.68
326,5,20,2023-01-15 21:32:12,2023-01-15 22:20:12,769.29
327,48,15,2023-01-08 11:09:21,2023-01-08 12:05:21,282.62
328,47,13,2023-01-31 12:34:16,2023-01-31 13:11:16,349.77
329,15,1,2023-01-19 01:31:24,2023-01-19 02:22:24,510.65
330,72,4,2023-01-26 09:59:01,2023-01-26 10:35:01,622.42
331,28,20,2023-01-28 17:26:32,2023-01-28 18:17:32,320.11
332,18,3,2023-02-13 21:20:08,2023-02-13 21:51:08,739.21
333,57,3,2023-02-01 00:41:36,2023-02-01 01:23:36,625.72
334,71,18,2023-01-29 04:35:35,2023-01-29 05:14:35,710.82
335,92,6,2023-02-05 02:20:16,2023-02-05 03:12:16,334.54
336,26,5,2023-01-23 23:38:07,2023-01-24 00:29:07,215.77
337,71,19,2023-02-05 19:37:31,2023-02-05 20:26:31,682.2
338,71,5,2023-01-09 08:53:47,2023-01-09 09:17:47,385.57
339,92,16,2023-02-21 00:57:34,2023-02-21 01:43:34,661.5
340,74,3,2023-01-13 04:01:57,2023-01-13 04:41:57,585.4
341,58,15,2023-02-20 05:32:10,2023-02-20 06:14:10,277.0
342,100,18,2023-02-27 01:38:26,2023-02-27 02:09:26,660.67
343,17,14,2023-02-18 19:45:27,2023-02-18 20:08:27,698.83
344,67,5,2023-01-30 12:39:41,2023-01-30 13:09:41,297.18
345,91,8,2023-02-03 14:17:31,2023-02-03 15:10:31,736.96
346,11,9,2023-01-20 01:24:59,2023-01-20 02:24:59,773.81
347,36,5,2023-01-30 09:37:56,2023-01-30 10:36:56,520.09
348,65,6,2023-02-27 11:00:49,2023-02-27 11:57:49,292.52
349,85,20,2023-02-28 18:04:33,2023-02-28 18:45:33,705.52
350,73,2,2023-01-03 18:06:54,2023-01-03 18:31:54,227.28
351,83,19,2023-01-26 16:41:34,2023-01-26 17:14:34,660.18
352,54,20,2023-01-03 22:34:16,2023-01-03 23:25:16,733.4
353,70,10,2023-01-30 07:55:49,2023-01-30 08:45:49,346.93
354,88,13,2023-01-29 21:04:16,2023-01-29 21:53:16,243.78
355,8,6,2023-02-12 16:21:18,2023-02-12 17:07:18,490.55
356,27,11,2023-02-28 21:37:15,2023-02-28 22:06:15,387.55
357,92,11,2023-02-03 12:46:18,2023-02-03 13:31:18,278.46
358,48,17,2023-02-24 12:44:31,2023-02-24 13:10:31,391.47
359,60,4,2023-01-26 23:15:15,2023-01-27 00:03:15,348.75
360,13,2,2023-01-29 04:14:34,2023-01-29 04:58:34,718.5
361,54,8,2023-01-16 12:07:37,2023-01-16 12:47:37,760.25
362,93,11,2023-01-19 10:20:43,2023-01-19 10:50:43,498.96
363,66,15,2023-02-18 10:11:39,2023-02-18 10:50:39,498.42
364,12,13,2023-02-19 01:46:15,2023-02-19 02:35:15,780.01
365,28,19,2023-02-04 06:18:18,2023-02-04 06:41:18,230.32
366,64,20,2023-02-15 16:32:48,2023-02-15 17:10:48,522.01
367,14,14,2023-01-14 00:05:27,2023-01-14 00:41:27,636.5
368,98,13,2023-02-05 12:41:45,2023-02-05 13:03:45,440.35
369,73,18,2023-01-19 21:34:47,2023-01-19 22:17:47,531.93
370,10,13,2023-02-18 23:00:01,2023-02-18 23:48:01,658.64
371,36,20,2023-01-12 12:50:59,2023-01-12 13:18:59,785.05
372,51,12,2023-02-02 22:07:33,2023-02-02 23:02:33,763.37
373,97,5,2023-01-20 07:50:18,2023-01-20 08:48:18,505.47
374,65,2,2023-01-05 09:33:52,2023-01-05 09:55:52,282.22
375,43,16,2023-02-20 10:07:58,2023-02-20 10:56:58,289.36
376,66,5,2023-02-01 20:12:56,2023-02-01 21:11:56,391.12
377,51,20,2023-01-30 01:15:59,2023-01-30 02:12:59,401.82
378,66,18,2023-02-17 13:25:31,2023-02-17 14:21:31,379.87
379,3,12,2023-02-02 03:50:39,2023-02-02 04:17:39,787.94
380,75,10,2023-01-03 14:05:32,2023-01-03 15:03:32,484.75
381,84,19,2023-02-26 01:59:08,2023-02-26 02:33:08,632.84
382,75,16,2023-01-17 13:19:18,2023-01-17 14:12:18,577.42
383,80,13,2023-01-15 08:20:32,2023-01-15 08:55:32,218.94
384,90,4,2023-01-19 12:33:34,2023-01-19 12:54:34,464.62
385,54,5,2023-02-10 02:16:00,2023-02-10 02:49:00,446.23
386,100,20,2023-02-15 18:55:13,2023-02-15 19:18:13,623.47
387,67,7,2023-02-24 10:57:39,2023-02-24 11:37:39,798.87
388,62,17,2023-02-06 14:03:55,2023-02-06 14:43:55,774.01
389,59,18,2023-02-03 05:40:47,2023-02-03 06:34:47,412.57
390,99,9,2023-02-17 00:13:17,2023-02-17 00:45:17,774.4
391,36,18,2023-01-29 23:33:12,2023-01-30 00:07:12,764.89
392,39,10,2023-01-21 02:59:32,2023-01-21 03:50:32,390.22
393,45,18,2023-01-27 13:12:08,2023-01-27 13:50:08,273.12
394,87,18,2023-02-06 20:45:05,2023-02-06 21:30:05,691.03
395,99,5,2023-01-29 04:48:13,2023-01-29 05:10:13,372.58
396,92,3,2023-02-03 15:05:07,2023-02-03 15:53:07,593.58
397,96,16,2023-01-21 18:37:31,2023-01-21 19:09:31,696.77
398,35,18,2023-01-27 08:55:26,2023-01-27 09:23:26,265.54
399,95,19,2023-01-24 05:34:03,2023-01-24 06:09:03,230.46
400,68,8,2023-01-23 14:32:54,2023-01-23 14:55:54,260.12
401,43,16,2023-01-10 18:17:11,2023-01-10 18:45:11,203.11
402,71,6,2023-02-09 12:09:47,2023-02-09 12:59:47,486.47
403,26,10,2023-02-01 04:22:29,2023-02-01 05:00:29,587.54
404,99,3,2023-02-25 17:49:39,2023-02-25 18:23:39,521.09
405,93,2,2023-01-17 23:55:49,2023-01-18 00:41:49,729.35
406,23,2,2023-02-08 13:03:51,2023-02-08 13:54:51,311.79
407,96,10,2023-01-04 15:18:09,2023-01-04 15:38:09,379.04
408,78,4,2023-02-02 12:42:16,2023-02-02 13:20:16,472.61
409,83,18,2023-02-20 21:45:02,2023-02-20 22:36:02,733.56
410,18,17,2023-02-15 10:34:02,2023-02-15 11:11:02,315.69
411,15,11,2023-01-16 18:38:20,2023-01-16 19:27:20,588.97
412,92,6,2023-01-02 08:49:06,2023-01-02 09:30:06,674.46
413,73,7,2023-01-18 00:55:58,2023-01-18 01:54:58,713.69
414,52,14,2023-02-20 00:41:27,2023-02-20 01:21:27,252.04
415,86,4,2023-01-18 22:34:17,2023-01-18 23:02:17,486.47
416,32,1,2023-01-26 07:40:25,2023-01-26 08:24:25,341.31
417,97,9,2023-02-02 00:04:57,2023-02-02 00:43:57,549.48
418,74,1,2023-01-26 09:27:46,2023-01-26 10:10:46,615.66
419,8,4,2023-02-15 04:26:56,2023-02-15 05:05:56,295.83
420,88,17,2023-01-31 04:37:52,2023-01-31 05:04:52,583.23
421,38,12,2023-01-22 10:36:57,2023-01-22 11:10:57,774.42
422,62,5,2023-02-14 04:10:37,2023-02-14 05:08:37,424.17
423,90,18,2023-02-15 17:06:32,2023-02-15 18:00:32,681.2
424,28,8,2023-02-27 20:20:53,2023-02-27 20:45:53,515.3
425,68,12,2023-01-08 13:59:33,2023-01-08 14:55:33,267.33
426,71,17,2023-01-20 15:03:33,2023-01-20 15:59:33,522.0
427,22,11,2023-02-20 12:29:01,2023-02-20 13:17:01,269.74
428,27,19,2023-02-17 11:03:06,2023-02-17 11:28:06,739.33
429,58,2,2023-02-14 00:34:25,2023-02-14 01:02:25,507.95
430,59,19,2023-01-06 14:32:11,2023-01-06 15:27:11,477.43
431,40,1,2023-02-08 10:37:38,2023-02-08 11:13:38,689.87
432,96,7,2023-02-26 03:33:46,2023-02-26 03:57:46,227.17
433,45,3,2023-02-22 13:00:08,2023-02-22 13:23:08,760.75
434,9,16,2023-01-04 01:56:51,2023-01-04 02:34:51,445.32
435,99,5,2023-02-10 19:30:51,2023-02-10 20:13:51,795.71
436,49,15,2023-02-06 15:37:48,2023-02-06 16:21:48,248.15
437,85,18,2023-01-13 21:53:19,2023-01-13 22:35:19,271.18
438,69,13,2023-02-21 08:17:32,2023-02-21 08:45:32,636.71
439,29,1,2023-01-03 04:58:37,2023-01-03 05:37:37,477.8
440,93,18,2023-02-11 04:17:23,2023-02-11 05:11:23,427.57
441,30,8,2023-02-14 17:20:04,2023-02-14 18:02:04,293.07
442,25,4,2023-01-04 03:04:18,2023-01-04 03:50:18,568.95
443,3,8,2023-01-21 00:12:17,2023-01-21 00:36:17,260.54
444,5,15,2023-02-28 00:56:23,2023-02-28 01:19:23,346.84
445,6,13,2023-02-12 14:51:26,2023-02-12 15:25:26,523.86
446,97,2,2023-01-14 14:32:22,2023-01-14 15:24:22,796.09
447,30,19,2023-01-31 23:05:58,2023-02-01 00:01:58,558.75
448,87,11,2023-01-24 00:01:35,2023-01-24 00:40:35,725.75
449,85,17,2023-01-22 11:04:00,2023-01-22 11:50:00,380.3
450,8,18,2023-02-27 10:41:03,2023-02-27 11:12:03,575.6
451,55,18,2023-02-18 02:52:48,2023-02-18 03:15:48,783.37
452,83,13,2023-02-20 22:05:15,2023-02-20 22:45:15,617.79
453,53,5,2023-01-30 02:47:27,2023-01-30 03:31:27,310.33
454,69,16,2023-01-24 09:29:47,2023-01-24 10:03:47,380.44
455,91,5,2023-02-14 22:55:36,2023-02-14 23:18:36,537.43
456,54,18,2023-02-21 10:58:13,2023-02-21 11:26:13,433.05
457,33,7,2023-02-02 01:34:06,2023-02-02 01:59:06,753.34
458,48,3,2023-02-22 00:07:16,2023-02-22 00:39:16,230.92
459,49,20,2023-02-28 12:54:36,2023-02-28 13:16:36,724.17
460,25,19,2023-02-24 06:12:57,2023-02-24 06:45:57,487.64
461,43,10,2023-01-02 11:43:48,2023-01-02 12:16:48,762.3
462,95,4,2023-02-16 11:57:59,2023-02-16 12:32:59,617.38
463,91,7,2023-02-08 12:13:10,2023-02-08 12:48:10,531.25
464,100,10,2023-02-06 23:00:22,2023-02-06 23:49:22,520.19
465,46,10,2023-01-26 09:28:57,2023-01-26 10:11:57,507.69
466,64,15,2023-01-10 13:46:25,2023-01-10 14:36:25,656.98
467,41,7,2023-02-05 23:48:18,2023-02-06 00:28:18,448.36
468,73,8,2023-01-15 04:01:28,2023-01-15 04:22:28,356.46
469,75,19,2023-02-10 13:01:38,2023-02-10 13:39:38,291.45
470,43,8,2023-02-06 21:05:26,2023-02-06 22:01:26,700.02
471,64,18,2023-02-02 18:34:54,2023-02-02 19:10:54,658.02
472,63,16,2023-02-14 17:48:33,2023-02-14 18:18:33,639.66
473,46,6,2023-01-14 14:07:37,2023-01-14 15:01:37,492.99
474,70,2,2023-02-20 20:52:44,2023-02-20 21:14:44,703.44
475,10,2,2023-01-01 14:52:31,2023-01-01 15:38:31,282.49
476,81,8,2023-01-07 14:22:36,2023-01-07 14:51:36,205.48
477,65,15,2023-02-06 05:37:14,2023-02-06 06:00:14,570.7
478,86,20,2023-02-16 21:56:50,2023-02-16 22:47:50,209.44
479,69,18,2023-02-09 22:29:17,2023-02-09 22:49:17,210.04
480,93,9,2023-02-22 00:21:36,2023-02-22 00:59:36,210.29
481,90,14,2023-01-18 09:43:19,2023-01-18 10:09:19,750.83
482,68,5,2023-01-24 09:29:53,2023-01-24 10:01:53,571.87
483,33,12,2023-01-26 22:54:42,2023-01-26 23:39:42,247.41
484,52,15,2023-02-24 20:33:01,2023-02-24 21:08:01,794.14
485,29,10,2023-01-08 19:51:03,2023-01-08 20:13:03,256.1
486,49,13,2023-02-23 15:53:15,2023-02-23 16:43:15,233.67
487,2,6,2023-01-09 00:40:21,2023-01-09 01:31:21,707.2
488,83,11,2023-02-24 22:32:29,2023-02-24 22:58:29,736.87
489,6,8,2023-01-21 12:38:14,2023-01-21 13:34:14,485.3
490,6,3,2023-01-28 05:18:59,2023-01-28 06:12:59,538.11
491,5,6,2023-01-31 12:48:08,2023-01-31 13:09:08,776.88
492,76,5,2023-02-08 16:05:49,2023-02-08 16:29:49,379.57
493,73,8,2023-02-25 00:29:49,2023-02-25 01:13:49,606.22
494,70,11,2023-02-07 06:25:35,2023-02-07 06:53:35,674.3
495,89,3,2023-02-18 14:55:54,2023-02-18 15:37:54,232.22
496,56,8,2023-01-08 09:08:07,2023-01-08 09:49:07,563.1
497,79,20,2023-02-08 12:23:06,2023-02-08 13:03:06,217.78
498,35,15,2023-02-17 15:11:20,2023-02-17 15:45:20,413.49
499,49,14,2023-01-19 00:48:01,2023-01-19 01:45:01,596.4
500,11,20,2023-01-29 16:17:02,2023-01-29 16:52:02,627.87
